-- ============================================================
--  02_import_data.sql — generato dal backup reale
--  400 posti · 13 prenotazioni · 5 utenti
-- ============================================================

-- Svuota le tabelle dipendenti prima (ordine FK)
TRUNCATE TABLE bookings, parking_spots, users RESTART IDENTITY CASCADE;

-- ─── POSTI PARCHEGGIO (400 record) ─────────────────────────────
INSERT INTO parking_spots
  (id, zone, status, parking_type, maintenance, vehicle_type, cost, last_updated, floor_level, fault_report)
VALUES
  ('A002', 'A'::zone_code, 'free'::spot_status, 'disabled'::parking_type, FALSE, 'car'::vehicle_type, 1.50, '2026-04-29 08:24:59.547133+00', 1, ''),
  ('B048', 'B'::zone_code, 'free'::spot_status, 'normal'::parking_type, FALSE, 'car'::vehicle_type, 1.50, '2026-04-29 08:27:04.615179+00', 2, ''),
  ('C095', 'C'::zone_code, 'free'::spot_status, 'normal'::parking_type, FALSE, 'car'::vehicle_type, 1.50, '2026-04-29 08:33:01.110334+00', 3, ''),
  ('B012', 'B'::zone_code, 'free'::spot_status, 'motorcycle'::parking_type, FALSE, 'motorcycle'::vehicle_type, 1.50, '2026-04-29 08:37:00.366429+00', 2, ''),
  ('C035', 'C'::zone_code, 'free'::spot_status, 'normal'::parking_type, FALSE, 'car'::vehicle_type, 1.50, '2026-04-29 08:22:40.775817+00', 3, ''),
  ('B030', 'B'::zone_code, 'free'::spot_status, 'normal'::parking_type, FALSE, 'car'::vehicle_type, 1.50, '2026-04-29 08:27:10.507609+00', 2, ''),
  ('C080', 'C'::zone_code, 'free'::spot_status, 'normal'::parking_type, FALSE, 'car'::vehicle_type, 1.50, '2026-04-29 08:23:27.801269+00', 3, ''),
  ('A052', 'A'::zone_code, 'free'::spot_status, 'normal'::parking_type, FALSE, 'car'::vehicle_type, 1.50, '2026-04-29 08:27:33.389836+00', 1, ''),
  ('A004', 'A'::zone_code, 'free'::spot_status, 'disabled'::parking_type, FALSE, 'car'::vehicle_type, 1.50, '2026-04-29 08:28:59.836374+00', 1, ''),
  ('D022', 'D'::zone_code, 'free'::spot_status, 'normal'::parking_type, FALSE, 'car'::vehicle_type, 1.50, '2026-04-29 08:24:10.963595+00', 4, ''),
  ('D036', 'D'::zone_code, 'free'::spot_status, 'normal'::parking_type, FALSE, 'car'::vehicle_type, 1.50, '2026-04-29 08:24:30.924045+00', 4, ''),
  ('A017', 'A'::zone_code, 'free'::spot_status, 'normal'::parking_type, FALSE, 'car'::vehicle_type, 1.50, '2026-04-29 08:24:36.522995+00', 1, ''),
  ('A003', 'A'::zone_code, 'free'::spot_status, 'disabled'::parking_type, FALSE, 'car'::vehicle_type, 1.50, '2026-04-29 08:24:49.648499+00', 1, ''),
  ('A016', 'A'::zone_code, 'free'::spot_status, 'normal'::parking_type, FALSE, 'car'::vehicle_type, 1.50, '2026-04-29 08:27:10.583916+00', 1, ''),
  ('A018', 'A'::zone_code, 'free'::spot_status, 'normal'::parking_type, FALSE, 'car'::vehicle_type, 1.50, '2026-04-29 08:27:13.377883+00', 1, ''),
  ('A020', 'A'::zone_code, 'free'::spot_status, 'normal'::parking_type, FALSE, 'car'::vehicle_type, 1.50, '2026-04-29 08:27:16.22167+00', 1, ''),
  ('A021', 'A'::zone_code, 'free'::spot_status, 'normal'::parking_type, FALSE, 'car'::vehicle_type, 1.50, '2026-04-29 08:27:19.238643+00', 1, ''),
  ('A024', 'A'::zone_code, 'free'::spot_status, 'normal'::parking_type, FALSE, 'car'::vehicle_type, 1.50, '2026-04-29 08:27:24.930637+00', 1, ''),
  ('A028', 'A'::zone_code, 'free'::spot_status, 'normal'::parking_type, FALSE, 'car'::vehicle_type, 1.50, '2026-04-29 08:27:38.87447+00', 1, ''),
  ('A006', 'A'::zone_code, 'free'::spot_status, 'electric'::parking_type, FALSE, 'car'::vehicle_type, 1.50, '2026-04-29 08:32:18.77513+00', 1, ''),
  ('A007', 'A'::zone_code, 'free'::spot_status, 'electric'::parking_type, FALSE, 'car'::vehicle_type, 1.50, '2026-04-29 08:32:22.267343+00', 1, ''),
  ('A008', 'A'::zone_code, 'free'::spot_status, 'electric'::parking_type, FALSE, 'car'::vehicle_type, 1.50, '2026-04-29 08:32:26.21201+00', 1, ''),
  ('A009', 'A'::zone_code, 'free'::spot_status, 'electric'::parking_type, FALSE, 'car'::vehicle_type, 1.50, '2026-04-29 08:32:29.533614+00', 1, ''),
  ('A011', 'A'::zone_code, 'free'::spot_status, 'motorcycle'::parking_type, FALSE, 'motorcycle'::vehicle_type, 1.50, '2026-04-29 08:37:27.912384+00', 1, ''),
  ('A012', 'A'::zone_code, 'free'::spot_status, 'motorcycle'::parking_type, FALSE, 'motorcycle'::vehicle_type, 1.50, '2026-04-29 08:37:31.586+00', 1, ''),
  ('A013', 'A'::zone_code, 'free'::spot_status, 'motorcycle'::parking_type, FALSE, 'motorcycle'::vehicle_type, 1.50, '2026-04-29 08:37:34.598618+00', 1, ''),
  ('A014', 'A'::zone_code, 'free'::spot_status, 'motorcycle'::parking_type, FALSE, 'motorcycle'::vehicle_type, 1.50, '2026-04-29 08:37:37.16913+00', 1, ''),
  ('A015', 'A'::zone_code, 'free'::spot_status, 'motorcycle'::parking_type, FALSE, 'motorcycle'::vehicle_type, 1.50, '2026-04-29 08:37:40.617705+00', 1, ''),
  ('A010', 'A'::zone_code, 'free'::spot_status, 'electric'::parking_type, FALSE, 'car'::vehicle_type, 1.50, '2026-04-29 08:40:57.590301+00', 1, ''),
  ('A005', 'A'::zone_code, 'free'::spot_status, 'disabled'::parking_type, FALSE, 'car'::vehicle_type, 1.50, '2026-04-14 09:02:50+00', 1, ''),
  ('A019', 'A'::zone_code, 'free'::spot_status, 'normal'::parking_type, FALSE, 'car'::vehicle_type, 1.50, '2026-04-14 09:02:50+00', 1, ''),
  ('A022', 'A'::zone_code, 'free'::spot_status, 'normal'::parking_type, FALSE, 'car'::vehicle_type, 1.50, '2026-04-14 09:02:50+00', 1, ''),
  ('A023', 'A'::zone_code, 'free'::spot_status, 'normal'::parking_type, FALSE, 'car'::vehicle_type, 1.50, '2026-04-14 09:02:50+00', 1, ''),
  ('A025', 'A'::zone_code, 'free'::spot_status, 'normal'::parking_type, FALSE, 'car'::vehicle_type, 1.50, '2026-04-14 09:02:50+00', 1, ''),
  ('A026', 'A'::zone_code, 'free'::spot_status, 'normal'::parking_type, FALSE, 'car'::vehicle_type, 1.50, '2026-04-14 09:02:50+00', 1, ''),
  ('A027', 'A'::zone_code, 'free'::spot_status, 'normal'::parking_type, FALSE, 'car'::vehicle_type, 1.50, '2026-04-14 09:02:50+00', 1, ''),
  ('A029', 'A'::zone_code, 'free'::spot_status, 'normal'::parking_type, FALSE, 'car'::vehicle_type, 1.50, '2026-04-14 09:02:50+00', 1, ''),
  ('A030', 'A'::zone_code, 'free'::spot_status, 'normal'::parking_type, FALSE, 'car'::vehicle_type, 1.50, '2026-04-14 09:02:50+00', 1, ''),
  ('A031', 'A'::zone_code, 'free'::spot_status, 'normal'::parking_type, FALSE, 'car'::vehicle_type, 1.50, '2026-04-14 09:02:50+00', 1, ''),
  ('A048', 'A'::zone_code, 'free'::spot_status, 'normal'::parking_type, FALSE, 'car'::vehicle_type, 1.50, '2026-04-29 08:27:52.193546+00', 1, ''),
  ('A033', 'A'::zone_code, 'free'::spot_status, 'normal'::parking_type, FALSE, 'car'::vehicle_type, 1.50, '2026-04-14 09:02:50+00', 1, ''),
  ('A034', 'A'::zone_code, 'free'::spot_status, 'normal'::parking_type, FALSE, 'car'::vehicle_type, 1.50, '2026-04-14 09:02:50+00', 1, ''),
  ('A049', 'A'::zone_code, 'free'::spot_status, 'normal'::parking_type, FALSE, 'car'::vehicle_type, 1.50, '2026-04-29 08:27:55.206043+00', 1, ''),
  ('A037', 'A'::zone_code, 'free'::spot_status, 'normal'::parking_type, FALSE, 'car'::vehicle_type, 1.50, '2026-04-14 09:02:50+00', 1, ''),
  ('A038', 'A'::zone_code, 'free'::spot_status, 'normal'::parking_type, FALSE, 'car'::vehicle_type, 1.50, '2026-04-14 09:02:50+00', 1, ''),
  ('A039', 'A'::zone_code, 'free'::spot_status, 'normal'::parking_type, FALSE, 'car'::vehicle_type, 1.50, '2026-04-14 09:02:50+00', 1, ''),
  ('A041', 'A'::zone_code, 'free'::spot_status, 'normal'::parking_type, FALSE, 'car'::vehicle_type, 1.50, '2026-04-14 09:02:50+00', 1, ''),
  ('A060', 'A'::zone_code, 'free'::spot_status, 'normal'::parking_type, FALSE, 'car'::vehicle_type, 1.50, '2026-04-29 08:27:59.272531+00', 1, ''),
  ('A043', 'A'::zone_code, 'free'::spot_status, 'normal'::parking_type, FALSE, 'car'::vehicle_type, 1.50, '2026-04-14 09:02:50+00', 1, ''),
  ('A045', 'A'::zone_code, 'free'::spot_status, 'normal'::parking_type, FALSE, 'car'::vehicle_type, 1.50, '2026-04-14 09:02:50+00', 1, ''),
  ('A046', 'A'::zone_code, 'free'::spot_status, 'normal'::parking_type, FALSE, 'car'::vehicle_type, 1.50, '2026-04-14 09:02:50+00', 1, ''),
  ('A056', 'A'::zone_code, 'free'::spot_status, 'normal'::parking_type, FALSE, 'car'::vehicle_type, 1.50, '2026-04-29 08:28:02.335699+00', 1, ''),
  ('A050', 'A'::zone_code, 'free'::spot_status, 'normal'::parking_type, FALSE, 'car'::vehicle_type, 1.50, '2026-04-14 09:02:50+00', 1, ''),
  ('A051', 'A'::zone_code, 'free'::spot_status, 'normal'::parking_type, FALSE, 'car'::vehicle_type, 1.50, '2026-04-14 09:02:50+00', 1, ''),
  ('A063', 'A'::zone_code, 'free'::spot_status, 'normal'::parking_type, FALSE, 'car'::vehicle_type, 1.50, '2026-04-29 08:28:06.160939+00', 1, ''),
  ('A053', 'A'::zone_code, 'free'::spot_status, 'normal'::parking_type, FALSE, 'car'::vehicle_type, 1.50, '2026-04-14 09:02:50+00', 1, ''),
  ('A054', 'A'::zone_code, 'free'::spot_status, 'normal'::parking_type, FALSE, 'car'::vehicle_type, 1.50, '2026-04-14 09:02:50+00', 1, ''),
  ('A055', 'A'::zone_code, 'free'::spot_status, 'normal'::parking_type, FALSE, 'car'::vehicle_type, 1.50, '2026-04-14 09:02:50+00', 1, ''),
  ('A057', 'A'::zone_code, 'free'::spot_status, 'normal'::parking_type, FALSE, 'car'::vehicle_type, 1.50, '2026-04-14 09:02:50+00', 1, ''),
  ('A058', 'A'::zone_code, 'free'::spot_status, 'normal'::parking_type, FALSE, 'car'::vehicle_type, 1.50, '2026-04-14 09:02:50+00', 1, ''),
  ('A059', 'A'::zone_code, 'free'::spot_status, 'normal'::parking_type, FALSE, 'car'::vehicle_type, 1.50, '2026-04-14 09:02:50+00', 1, ''),
  ('A061', 'A'::zone_code, 'free'::spot_status, 'normal'::parking_type, FALSE, 'car'::vehicle_type, 1.50, '2026-04-14 09:02:50+00', 1, ''),
  ('A062', 'A'::zone_code, 'free'::spot_status, 'normal'::parking_type, FALSE, 'car'::vehicle_type, 1.50, '2026-04-14 09:02:50+00', 1, ''),
  ('A065', 'A'::zone_code, 'free'::spot_status, 'normal'::parking_type, FALSE, 'car'::vehicle_type, 1.50, '2026-04-14 09:02:50+00', 1, ''),
  ('A066', 'A'::zone_code, 'free'::spot_status, 'normal'::parking_type, FALSE, 'car'::vehicle_type, 1.50, '2026-04-14 09:02:50+00', 1, ''),
  ('A067', 'A'::zone_code, 'free'::spot_status, 'normal'::parking_type, FALSE, 'car'::vehicle_type, 1.50, '2026-04-14 09:02:50+00', 1, ''),
  ('A069', 'A'::zone_code, 'free'::spot_status, 'normal'::parking_type, FALSE, 'car'::vehicle_type, 1.50, '2026-04-14 09:02:50+00', 1, ''),
  ('A071', 'A'::zone_code, 'free'::spot_status, 'normal'::parking_type, FALSE, 'car'::vehicle_type, 1.50, '2026-04-14 09:02:50+00', 1, ''),
  ('A073', 'A'::zone_code, 'free'::spot_status, 'normal'::parking_type, FALSE, 'car'::vehicle_type, 1.50, '2026-04-14 09:02:50+00', 1, ''),
  ('A074', 'A'::zone_code, 'free'::spot_status, 'normal'::parking_type, FALSE, 'car'::vehicle_type, 1.50, '2026-04-14 09:02:50+00', 1, ''),
  ('A075', 'A'::zone_code, 'free'::spot_status, 'normal'::parking_type, FALSE, 'car'::vehicle_type, 1.50, '2026-04-14 09:02:50+00', 1, ''),
  ('A078', 'A'::zone_code, 'free'::spot_status, 'normal'::parking_type, FALSE, 'car'::vehicle_type, 1.50, '2026-04-14 09:02:50+00', 1, ''),
  ('A079', 'A'::zone_code, 'free'::spot_status, 'normal'::parking_type, FALSE, 'car'::vehicle_type, 1.50, '2026-04-14 09:02:50+00', 1, ''),
  ('A081', 'A'::zone_code, 'free'::spot_status, 'normal'::parking_type, FALSE, 'car'::vehicle_type, 1.50, '2026-04-14 09:02:50+00', 1, ''),
  ('A082', 'A'::zone_code, 'free'::spot_status, 'normal'::parking_type, FALSE, 'car'::vehicle_type, 1.50, '2026-04-14 09:02:50+00', 1, ''),
  ('A083', 'A'::zone_code, 'free'::spot_status, 'normal'::parking_type, FALSE, 'car'::vehicle_type, 1.50, '2026-04-14 09:02:50+00', 1, ''),
  ('A085', 'A'::zone_code, 'free'::spot_status, 'normal'::parking_type, FALSE, 'car'::vehicle_type, 1.50, '2026-04-14 09:02:50+00', 1, ''),
  ('A086', 'A'::zone_code, 'free'::spot_status, 'normal'::parking_type, FALSE, 'car'::vehicle_type, 1.50, '2026-04-14 09:02:50+00', 1, ''),
  ('A087', 'A'::zone_code, 'free'::spot_status, 'normal'::parking_type, FALSE, 'car'::vehicle_type, 1.50, '2026-04-14 09:02:50+00', 1, ''),
  ('A089', 'A'::zone_code, 'free'::spot_status, 'normal'::parking_type, FALSE, 'car'::vehicle_type, 1.50, '2026-04-14 09:02:50+00', 1, ''),
  ('A090', 'A'::zone_code, 'free'::spot_status, 'normal'::parking_type, FALSE, 'car'::vehicle_type, 1.50, '2026-04-14 09:02:50+00', 1, ''),
  ('A093', 'A'::zone_code, 'free'::spot_status, 'normal'::parking_type, FALSE, 'car'::vehicle_type, 1.50, '2026-04-14 09:02:50+00', 1, ''),
  ('A094', 'A'::zone_code, 'free'::spot_status, 'normal'::parking_type, FALSE, 'car'::vehicle_type, 1.50, '2026-04-14 09:02:50+00', 1, ''),
  ('A095', 'A'::zone_code, 'free'::spot_status, 'normal'::parking_type, FALSE, 'car'::vehicle_type, 1.50, '2026-04-14 09:02:50+00', 1, ''),
  ('A097', 'A'::zone_code, 'free'::spot_status, 'normal'::parking_type, FALSE, 'car'::vehicle_type, 1.50, '2026-04-14 09:02:50+00', 1, ''),
  ('A099', 'A'::zone_code, 'free'::spot_status, 'normal'::parking_type, FALSE, 'car'::vehicle_type, 1.50, '2026-04-14 09:02:50+00', 1, ''),
  ('A092', 'A'::zone_code, 'free'::spot_status, 'normal'::parking_type, FALSE, 'car'::vehicle_type, 1.50, '2026-04-29 08:28:09.580142+00', 1, ''),
  ('B007', 'B'::zone_code, 'free'::spot_status, 'electric'::parking_type, FALSE, 'car'::vehicle_type, 1.50, '2026-04-14 09:02:50+00', 2, ''),
  ('B008', 'B'::zone_code, 'free'::spot_status, 'electric'::parking_type, FALSE, 'car'::vehicle_type, 1.50, '2026-04-14 09:02:50+00', 2, ''),
  ('A064', 'A'::zone_code, 'free'::spot_status, 'normal'::parking_type, FALSE, 'car'::vehicle_type, 1.50, '2026-04-29 08:28:10.797449+00', 1, ''),
  ('B010', 'B'::zone_code, 'free'::spot_status, 'electric'::parking_type, FALSE, 'car'::vehicle_type, 1.50, '2026-04-14 09:02:50+00', 2, ''),
  ('A091', 'A'::zone_code, 'free'::spot_status, 'normal'::parking_type, FALSE, 'car'::vehicle_type, 1.50, '2026-04-29 08:28:13.2748+00', 1, ''),
  ('B017', 'B'::zone_code, 'free'::spot_status, 'normal'::parking_type, FALSE, 'car'::vehicle_type, 1.50, '2026-04-14 09:02:50+00', 2, ''),
  ('A068', 'A'::zone_code, 'free'::spot_status, 'normal'::parking_type, FALSE, 'car'::vehicle_type, 1.50, '2026-04-29 08:28:15.333804+00', 1, ''),
  ('B019', 'B'::zone_code, 'free'::spot_status, 'normal'::parking_type, FALSE, 'car'::vehicle_type, 1.50, '2026-04-14 09:02:50+00', 2, ''),
  ('B020', 'B'::zone_code, 'free'::spot_status, 'normal'::parking_type, FALSE, 'car'::vehicle_type, 1.50, '2026-04-14 09:02:50+00', 2, ''),
  ('A084', 'A'::zone_code, 'free'::spot_status, 'normal'::parking_type, FALSE, 'car'::vehicle_type, 1.50, '2026-04-29 08:28:16.514465+00', 1, ''),
  ('B022', 'B'::zone_code, 'free'::spot_status, 'normal'::parking_type, FALSE, 'car'::vehicle_type, 1.50, '2026-04-14 09:02:50+00', 2, ''),
  ('B023', 'B'::zone_code, 'free'::spot_status, 'normal'::parking_type, FALSE, 'car'::vehicle_type, 1.50, '2026-04-14 09:02:50+00', 2, ''),
  ('A070', 'A'::zone_code, 'free'::spot_status, 'normal'::parking_type, FALSE, 'car'::vehicle_type, 1.50, '2026-04-29 08:28:18.173118+00', 1, ''),
  ('B025', 'B'::zone_code, 'free'::spot_status, 'normal'::parking_type, FALSE, 'car'::vehicle_type, 1.50, '2026-04-14 09:02:50+00', 2, ''),
  ('B026', 'B'::zone_code, 'free'::spot_status, 'normal'::parking_type, FALSE, 'car'::vehicle_type, 1.50, '2026-04-14 09:02:50+00', 2, ''),
  ('A096', 'A'::zone_code, 'free'::spot_status, 'normal'::parking_type, FALSE, 'car'::vehicle_type, 1.50, '2026-04-29 08:28:19.060369+00', 1, ''),
  ('B028', 'B'::zone_code, 'free'::spot_status, 'normal'::parking_type, FALSE, 'car'::vehicle_type, 1.50, '2026-04-14 09:02:50+00', 2, ''),
  ('B029', 'B'::zone_code, 'free'::spot_status, 'normal'::parking_type, FALSE, 'car'::vehicle_type, 1.50, '2026-04-14 09:02:50+00', 2, ''),
  ('A072', 'A'::zone_code, 'free'::spot_status, 'normal'::parking_type, FALSE, 'car'::vehicle_type, 1.50, '2026-04-29 08:28:21.313229+00', 1, ''),
  ('B031', 'B'::zone_code, 'free'::spot_status, 'normal'::parking_type, FALSE, 'car'::vehicle_type, 1.50, '2026-04-14 09:02:50+00', 2, ''),
  ('B032', 'B'::zone_code, 'free'::spot_status, 'normal'::parking_type, FALSE, 'car'::vehicle_type, 1.50, '2026-04-14 09:02:50+00', 2, ''),
  ('A088', 'A'::zone_code, 'free'::spot_status, 'normal'::parking_type, FALSE, 'car'::vehicle_type, 1.50, '2026-04-29 08:28:22.352342+00', 1, ''),
  ('B034', 'B'::zone_code, 'free'::spot_status, 'normal'::parking_type, FALSE, 'car'::vehicle_type, 1.50, '2026-04-14 09:02:50+00', 2, ''),
  ('B035', 'B'::zone_code, 'free'::spot_status, 'normal'::parking_type, FALSE, 'car'::vehicle_type, 1.50, '2026-04-14 09:02:50+00', 2, ''),
  ('B027', 'B'::zone_code, 'free'::spot_status, 'normal'::parking_type, FALSE, 'car'::vehicle_type, 1.50, '2026-04-29 08:27:16.098243+00', 2, ''),
  ('B033', 'B'::zone_code, 'free'::spot_status, 'normal'::parking_type, FALSE, 'car'::vehicle_type, 1.50, '2026-04-29 08:27:18.923949+00', 2, ''),
  ('A032', 'A'::zone_code, 'free'::spot_status, 'normal'::parking_type, FALSE, 'car'::vehicle_type, 1.50, '2026-04-29 08:27:21.659272+00', 1, ''),
  ('B024', 'B'::zone_code, 'free'::spot_status, 'normal'::parking_type, FALSE, 'car'::vehicle_type, 1.50, '2026-04-29 08:27:23.154991+00', 2, ''),
  ('B021', 'B'::zone_code, 'free'::spot_status, 'normal'::parking_type, FALSE, 'car'::vehicle_type, 1.50, '2026-04-29 08:27:26.548231+00', 2, ''),
  ('A035', 'A'::zone_code, 'free'::spot_status, 'normal'::parking_type, FALSE, 'car'::vehicle_type, 1.50, '2026-04-29 08:27:28.337232+00', 1, ''),
  ('B018', 'B'::zone_code, 'free'::spot_status, 'normal'::parking_type, FALSE, 'car'::vehicle_type, 1.50, '2026-04-29 08:27:29.517063+00', 2, ''),
  ('A042', 'A'::zone_code, 'free'::spot_status, 'normal'::parking_type, FALSE, 'car'::vehicle_type, 1.50, '2026-04-29 08:27:31.02477+00', 1, ''),
  ('B009', 'B'::zone_code, 'free'::spot_status, 'electric'::parking_type, FALSE, 'car'::vehicle_type, 1.50, '2026-04-29 08:27:32.518157+00', 2, ''),
  ('A044', 'A'::zone_code, 'free'::spot_status, 'normal'::parking_type, FALSE, 'car'::vehicle_type, 1.50, '2026-04-29 08:27:35.566605+00', 1, ''),
  ('B006', 'B'::zone_code, 'free'::spot_status, 'electric'::parking_type, FALSE, 'car'::vehicle_type, 1.50, '2026-04-29 08:27:35.737793+00', 2, ''),
  ('A036', 'A'::zone_code, 'free'::spot_status, 'normal'::parking_type, FALSE, 'car'::vehicle_type, 1.50, '2026-04-29 08:27:41.531595+00', 1, ''),
  ('A040', 'A'::zone_code, 'free'::spot_status, 'normal'::parking_type, FALSE, 'car'::vehicle_type, 1.50, '2026-04-29 08:27:45.47543+00', 1, ''),
  ('A047', 'A'::zone_code, 'free'::spot_status, 'normal'::parking_type, FALSE, 'car'::vehicle_type, 1.50, '2026-04-29 08:27:47.902493+00', 1, ''),
  ('A076', 'A'::zone_code, 'free'::spot_status, 'normal'::parking_type, FALSE, 'car'::vehicle_type, 1.50, '2026-04-29 08:28:26.092226+00', 1, ''),
  ('A077', 'A'::zone_code, 'free'::spot_status, 'normal'::parking_type, FALSE, 'car'::vehicle_type, 1.50, '2026-04-29 08:28:27.633414+00', 1, ''),
  ('A098', 'A'::zone_code, 'free'::spot_status, 'normal'::parking_type, FALSE, 'car'::vehicle_type, 1.50, '2026-04-29 08:28:29.374964+00', 1, ''),
  ('A100', 'A'::zone_code, 'free'::spot_status, 'normal'::parking_type, FALSE, 'car'::vehicle_type, 1.50, '2026-04-29 08:28:32.131673+00', 1, ''),
  ('A080', 'A'::zone_code, 'free'::spot_status, 'normal'::parking_type, FALSE, 'car'::vehicle_type, 1.50, '2026-04-29 08:28:33.126375+00', 1, ''),
  ('B001', 'B'::zone_code, 'free'::spot_status, 'disabled'::parking_type, FALSE, 'car'::vehicle_type, 1.50, '2026-04-29 08:32:39.099059+00', 2, ''),
  ('B002', 'B'::zone_code, 'free'::spot_status, 'disabled'::parking_type, FALSE, 'car'::vehicle_type, 1.50, '2026-04-29 08:32:42.514181+00', 2, ''),
  ('B003', 'B'::zone_code, 'free'::spot_status, 'disabled'::parking_type, FALSE, 'car'::vehicle_type, 1.50, '2026-04-29 08:32:46.272491+00', 2, ''),
  ('B004', 'B'::zone_code, 'free'::spot_status, 'disabled'::parking_type, FALSE, 'car'::vehicle_type, 1.50, '2026-04-29 08:32:49.089791+00', 2, ''),
  ('B005', 'B'::zone_code, 'free'::spot_status, 'disabled'::parking_type, FALSE, 'car'::vehicle_type, 1.50, '2026-04-29 08:32:52.651738+00', 2, ''),
  ('B015', 'B'::zone_code, 'free'::spot_status, 'motorcycle'::parking_type, FALSE, 'motorcycle'::vehicle_type, 1.50, '2026-04-29 08:37:10.09835+00', 2, ''),
  ('B013', 'B'::zone_code, 'free'::spot_status, 'motorcycle'::parking_type, FALSE, 'motorcycle'::vehicle_type, 1.50, '2026-04-29 08:37:03.590379+00', 2, ''),
  ('B014', 'B'::zone_code, 'free'::spot_status, 'motorcycle'::parking_type, FALSE, 'motorcycle'::vehicle_type, 1.50, '2026-04-29 08:37:07.006755+00', 2, ''),
  ('B011', 'B'::zone_code, 'free'::spot_status, 'motorcycle'::parking_type, FALSE, 'motorcycle'::vehicle_type, 1.50, '2026-04-29 08:36:56.24894+00', 2, ''),
  ('B016', 'B'::zone_code, 'free'::spot_status, 'normal'::parking_type, FALSE, 'car'::vehicle_type, 1.50, '2026-04-29 08:37:20.223697+00', 2, ''),
  ('C001', 'C'::zone_code, 'free'::spot_status, 'disabled'::parking_type, FALSE, 'car'::vehicle_type, 1.50, '2026-04-29 08:33:24.605502+00', 3, ''),
  ('B037', 'B'::zone_code, 'free'::spot_status, 'normal'::parking_type, FALSE, 'car'::vehicle_type, 1.50, '2026-04-14 09:02:50+00', 2, ''),
  ('B038', 'B'::zone_code, 'free'::spot_status, 'normal'::parking_type, FALSE, 'car'::vehicle_type, 1.50, '2026-04-14 09:02:50+00', 2, ''),
  ('C002', 'C'::zone_code, 'free'::spot_status, 'disabled'::parking_type, FALSE, 'car'::vehicle_type, 1.50, '2026-04-29 08:33:28.465614+00', 3, ''),
  ('B040', 'B'::zone_code, 'free'::spot_status, 'normal'::parking_type, FALSE, 'car'::vehicle_type, 1.50, '2026-04-14 09:02:50+00', 2, ''),
  ('B041', 'B'::zone_code, 'free'::spot_status, 'normal'::parking_type, FALSE, 'car'::vehicle_type, 1.50, '2026-04-14 09:02:50+00', 2, ''),
  ('C003', 'C'::zone_code, 'free'::spot_status, 'disabled'::parking_type, FALSE, 'car'::vehicle_type, 1.50, '2026-04-29 08:33:32.023393+00', 3, ''),
  ('B043', 'B'::zone_code, 'free'::spot_status, 'normal'::parking_type, FALSE, 'car'::vehicle_type, 1.50, '2026-04-14 09:02:50+00', 2, ''),
  ('B044', 'B'::zone_code, 'free'::spot_status, 'normal'::parking_type, FALSE, 'car'::vehicle_type, 1.50, '2026-04-14 09:02:50+00', 2, ''),
  ('C004', 'C'::zone_code, 'free'::spot_status, 'disabled'::parking_type, FALSE, 'car'::vehicle_type, 1.50, '2026-04-29 08:33:37.685993+00', 3, ''),
  ('B046', 'B'::zone_code, 'free'::spot_status, 'normal'::parking_type, FALSE, 'car'::vehicle_type, 1.50, '2026-04-14 09:02:50+00', 2, ''),
  ('B047', 'B'::zone_code, 'free'::spot_status, 'normal'::parking_type, FALSE, 'car'::vehicle_type, 1.50, '2026-04-14 09:02:50+00', 2, ''),
  ('C006', 'C'::zone_code, 'free'::spot_status, 'electric'::parking_type, FALSE, 'car'::vehicle_type, 1.50, '2026-04-29 08:33:40.138488+00', 3, ''),
  ('B049', 'B'::zone_code, 'free'::spot_status, 'normal'::parking_type, FALSE, 'car'::vehicle_type, 1.50, '2026-04-14 09:02:50+00', 2, ''),
  ('B050', 'B'::zone_code, 'free'::spot_status, 'normal'::parking_type, FALSE, 'car'::vehicle_type, 1.50, '2026-04-14 09:02:50+00', 2, ''),
  ('C007', 'C'::zone_code, 'free'::spot_status, 'electric'::parking_type, FALSE, 'car'::vehicle_type, 1.50, '2026-04-29 08:33:43.67443+00', 3, ''),
  ('B052', 'B'::zone_code, 'free'::spot_status, 'normal'::parking_type, FALSE, 'car'::vehicle_type, 1.50, '2026-04-14 09:02:50+00', 2, ''),
  ('B053', 'B'::zone_code, 'free'::spot_status, 'normal'::parking_type, FALSE, 'car'::vehicle_type, 1.50, '2026-04-14 09:02:50+00', 2, ''),
  ('C008', 'C'::zone_code, 'free'::spot_status, 'electric'::parking_type, FALSE, 'car'::vehicle_type, 1.50, '2026-04-29 08:33:47.509516+00', 3, ''),
  ('B055', 'B'::zone_code, 'free'::spot_status, 'normal'::parking_type, FALSE, 'car'::vehicle_type, 1.50, '2026-04-14 09:02:50+00', 2, ''),
  ('B056', 'B'::zone_code, 'free'::spot_status, 'normal'::parking_type, FALSE, 'car'::vehicle_type, 1.50, '2026-04-14 09:02:50+00', 2, ''),
  ('C005', 'C'::zone_code, 'free'::spot_status, 'disabled'::parking_type, FALSE, 'car'::vehicle_type, 1.50, '2026-04-29 08:33:48.379196+00', 3, ''),
  ('B058', 'B'::zone_code, 'free'::spot_status, 'normal'::parking_type, FALSE, 'car'::vehicle_type, 1.50, '2026-04-14 09:02:50+00', 2, ''),
  ('B059', 'B'::zone_code, 'free'::spot_status, 'normal'::parking_type, FALSE, 'car'::vehicle_type, 1.50, '2026-04-14 09:02:50+00', 2, ''),
  ('C009', 'C'::zone_code, 'free'::spot_status, 'electric'::parking_type, FALSE, 'car'::vehicle_type, 1.50, '2026-04-29 08:33:52.744026+00', 3, ''),
  ('B061', 'B'::zone_code, 'free'::spot_status, 'normal'::parking_type, FALSE, 'car'::vehicle_type, 1.50, '2026-04-14 09:02:50+00', 2, ''),
  ('B062', 'B'::zone_code, 'free'::spot_status, 'normal'::parking_type, FALSE, 'car'::vehicle_type, 1.50, '2026-04-14 09:02:50+00', 2, ''),
  ('C010', 'C'::zone_code, 'free'::spot_status, 'electric'::parking_type, FALSE, 'car'::vehicle_type, 1.50, '2026-04-29 08:33:55.634607+00', 3, ''),
  ('B064', 'B'::zone_code, 'free'::spot_status, 'normal'::parking_type, FALSE, 'car'::vehicle_type, 1.50, '2026-04-14 09:02:50+00', 2, ''),
  ('B065', 'B'::zone_code, 'free'::spot_status, 'normal'::parking_type, FALSE, 'car'::vehicle_type, 1.50, '2026-04-14 09:02:50+00', 2, ''),
  ('B067', 'B'::zone_code, 'free'::spot_status, 'normal'::parking_type, FALSE, 'car'::vehicle_type, 1.50, '2026-04-14 09:02:50+00', 2, ''),
  ('B068', 'B'::zone_code, 'free'::spot_status, 'normal'::parking_type, FALSE, 'car'::vehicle_type, 1.50, '2026-04-14 09:02:50+00', 2, ''),
  ('B070', 'B'::zone_code, 'free'::spot_status, 'normal'::parking_type, FALSE, 'car'::vehicle_type, 1.50, '2026-04-14 09:02:50+00', 2, ''),
  ('B071', 'B'::zone_code, 'free'::spot_status, 'normal'::parking_type, FALSE, 'car'::vehicle_type, 1.50, '2026-04-14 09:02:50+00', 2, ''),
  ('B073', 'B'::zone_code, 'free'::spot_status, 'normal'::parking_type, FALSE, 'car'::vehicle_type, 1.50, '2026-04-14 09:02:50+00', 2, ''),
  ('B074', 'B'::zone_code, 'free'::spot_status, 'normal'::parking_type, FALSE, 'car'::vehicle_type, 1.50, '2026-04-14 09:02:50+00', 2, ''),
  ('B076', 'B'::zone_code, 'free'::spot_status, 'normal'::parking_type, FALSE, 'car'::vehicle_type, 1.50, '2026-04-14 09:02:50+00', 2, ''),
  ('B077', 'B'::zone_code, 'free'::spot_status, 'normal'::parking_type, FALSE, 'car'::vehicle_type, 1.50, '2026-04-14 09:02:50+00', 2, ''),
  ('B079', 'B'::zone_code, 'free'::spot_status, 'normal'::parking_type, FALSE, 'car'::vehicle_type, 1.50, '2026-04-14 09:02:50+00', 2, ''),
  ('B080', 'B'::zone_code, 'free'::spot_status, 'normal'::parking_type, FALSE, 'car'::vehicle_type, 1.50, '2026-04-14 09:02:50+00', 2, ''),
  ('C011', 'C'::zone_code, 'free'::spot_status, 'motorcycle'::parking_type, FALSE, 'motorcycle'::vehicle_type, 1.50, '2026-04-29 08:37:06.743633+00', 3, ''),
  ('B082', 'B'::zone_code, 'free'::spot_status, 'normal'::parking_type, FALSE, 'car'::vehicle_type, 1.50, '2026-04-14 09:02:50+00', 2, ''),
  ('B083', 'B'::zone_code, 'free'::spot_status, 'normal'::parking_type, FALSE, 'car'::vehicle_type, 1.50, '2026-04-14 09:02:50+00', 2, ''),
  ('C012', 'C'::zone_code, 'free'::spot_status, 'motorcycle'::parking_type, FALSE, 'motorcycle'::vehicle_type, 1.50, '2026-04-29 08:37:10.347798+00', 3, ''),
  ('B085', 'B'::zone_code, 'free'::spot_status, 'normal'::parking_type, FALSE, 'car'::vehicle_type, 1.50, '2026-04-14 09:02:50+00', 2, ''),
  ('B086', 'B'::zone_code, 'free'::spot_status, 'normal'::parking_type, FALSE, 'car'::vehicle_type, 1.50, '2026-04-14 09:02:50+00', 2, ''),
  ('C013', 'C'::zone_code, 'free'::spot_status, 'motorcycle'::parking_type, FALSE, 'motorcycle'::vehicle_type, 1.50, '2026-04-29 08:37:13.218529+00', 3, ''),
  ('C014', 'C'::zone_code, 'free'::spot_status, 'motorcycle'::parking_type, FALSE, 'motorcycle'::vehicle_type, 1.50, '2026-04-29 08:37:15.736934+00', 3, ''),
  ('B089', 'B'::zone_code, 'free'::spot_status, 'normal'::parking_type, FALSE, 'car'::vehicle_type, 1.50, '2026-04-14 09:02:50+00', 2, ''),
  ('C015', 'C'::zone_code, 'free'::spot_status, 'motorcycle'::parking_type, FALSE, 'motorcycle'::vehicle_type, 1.50, '2026-04-29 08:37:18.407544+00', 3, ''),
  ('B091', 'B'::zone_code, 'free'::spot_status, 'normal'::parking_type, FALSE, 'car'::vehicle_type, 1.50, '2026-04-14 09:02:50+00', 2, ''),
  ('B092', 'B'::zone_code, 'free'::spot_status, 'normal'::parking_type, FALSE, 'car'::vehicle_type, 1.50, '2026-04-14 09:02:50+00', 2, ''),
  ('B094', 'B'::zone_code, 'free'::spot_status, 'normal'::parking_type, FALSE, 'car'::vehicle_type, 1.50, '2026-04-14 09:02:50+00', 2, ''),
  ('B095', 'B'::zone_code, 'free'::spot_status, 'normal'::parking_type, FALSE, 'car'::vehicle_type, 1.50, '2026-04-14 09:02:50+00', 2, ''),
  ('B097', 'B'::zone_code, 'free'::spot_status, 'normal'::parking_type, FALSE, 'car'::vehicle_type, 1.50, '2026-04-14 09:02:50+00', 2, ''),
  ('B098', 'B'::zone_code, 'free'::spot_status, 'normal'::parking_type, FALSE, 'car'::vehicle_type, 1.50, '2026-04-14 09:02:50+00', 2, ''),
  ('B100', 'B'::zone_code, 'free'::spot_status, 'normal'::parking_type, FALSE, 'car'::vehicle_type, 1.50, '2026-04-14 09:02:50+00', 2, ''),
  ('C016', 'C'::zone_code, 'free'::spot_status, 'normal'::parking_type, FALSE, 'car'::vehicle_type, 1.50, '2026-04-14 09:02:50+00', 3, ''),
  ('C017', 'C'::zone_code, 'free'::spot_status, 'normal'::parking_type, FALSE, 'car'::vehicle_type, 1.50, '2026-04-14 09:02:50+00', 3, ''),
  ('C018', 'C'::zone_code, 'free'::spot_status, 'normal'::parking_type, FALSE, 'car'::vehicle_type, 1.50, '2026-04-14 09:02:50+00', 3, ''),
  ('C019', 'C'::zone_code, 'free'::spot_status, 'normal'::parking_type, FALSE, 'car'::vehicle_type, 1.50, '2026-04-14 09:02:50+00', 3, ''),
  ('C021', 'C'::zone_code, 'free'::spot_status, 'normal'::parking_type, FALSE, 'car'::vehicle_type, 1.50, '2026-04-14 09:02:50+00', 3, ''),
  ('C023', 'C'::zone_code, 'free'::spot_status, 'normal'::parking_type, FALSE, 'car'::vehicle_type, 1.50, '2026-04-14 09:02:50+00', 3, ''),
  ('C024', 'C'::zone_code, 'free'::spot_status, 'normal'::parking_type, FALSE, 'car'::vehicle_type, 1.50, '2026-04-14 09:02:50+00', 3, ''),
  ('C026', 'C'::zone_code, 'free'::spot_status, 'normal'::parking_type, FALSE, 'car'::vehicle_type, 1.50, '2026-04-14 09:02:50+00', 3, ''),
  ('C027', 'C'::zone_code, 'free'::spot_status, 'normal'::parking_type, FALSE, 'car'::vehicle_type, 1.50, '2026-04-14 09:02:50+00', 3, ''),
  ('C028', 'C'::zone_code, 'free'::spot_status, 'normal'::parking_type, FALSE, 'car'::vehicle_type, 1.50, '2026-04-14 09:02:50+00', 3, ''),
  ('C029', 'C'::zone_code, 'free'::spot_status, 'normal'::parking_type, FALSE, 'car'::vehicle_type, 1.50, '2026-04-14 09:02:50+00', 3, ''),
  ('C031', 'C'::zone_code, 'free'::spot_status, 'normal'::parking_type, FALSE, 'car'::vehicle_type, 1.50, '2026-04-14 09:02:50+00', 3, ''),
  ('C032', 'C'::zone_code, 'free'::spot_status, 'normal'::parking_type, FALSE, 'car'::vehicle_type, 1.50, '2026-04-14 09:02:50+00', 3, ''),
  ('C033', 'C'::zone_code, 'free'::spot_status, 'normal'::parking_type, FALSE, 'car'::vehicle_type, 1.50, '2026-04-14 09:02:50+00', 3, ''),
  ('C034', 'C'::zone_code, 'free'::spot_status, 'normal'::parking_type, FALSE, 'car'::vehicle_type, 1.50, '2026-04-14 09:02:50+00', 3, ''),
  ('C036', 'C'::zone_code, 'free'::spot_status, 'normal'::parking_type, FALSE, 'car'::vehicle_type, 1.50, '2026-04-14 09:02:50+00', 3, ''),
  ('C037', 'C'::zone_code, 'free'::spot_status, 'normal'::parking_type, FALSE, 'car'::vehicle_type, 1.50, '2026-04-14 09:02:50+00', 3, ''),
  ('C038', 'C'::zone_code, 'free'::spot_status, 'normal'::parking_type, FALSE, 'car'::vehicle_type, 1.50, '2026-04-14 09:02:50+00', 3, ''),
  ('C039', 'C'::zone_code, 'free'::spot_status, 'normal'::parking_type, FALSE, 'car'::vehicle_type, 1.50, '2026-04-14 09:02:50+00', 3, ''),
  ('C041', 'C'::zone_code, 'free'::spot_status, 'normal'::parking_type, FALSE, 'car'::vehicle_type, 1.50, '2026-04-14 09:02:50+00', 3, ''),
  ('C042', 'C'::zone_code, 'free'::spot_status, 'normal'::parking_type, FALSE, 'car'::vehicle_type, 1.50, '2026-04-14 09:02:50+00', 3, ''),
  ('C025', 'C'::zone_code, 'free'::spot_status, 'normal'::parking_type, FALSE, 'car'::vehicle_type, 1.50, '2026-04-29 08:22:48.946084+00', 3, ''),
  ('C022', 'C'::zone_code, 'free'::spot_status, 'normal'::parking_type, FALSE, 'car'::vehicle_type, 1.50, '2026-04-29 08:23:17.289031+00', 3, ''),
  ('C040', 'C'::zone_code, 'free'::spot_status, 'normal'::parking_type, FALSE, 'car'::vehicle_type, 1.50, '2026-04-29 08:23:41.110219+00', 3, ''),
  ('C030', 'C'::zone_code, 'free'::spot_status, 'normal'::parking_type, FALSE, 'car'::vehicle_type, 1.50, '2026-04-29 08:23:44.318008+00', 3, ''),
  ('C020', 'C'::zone_code, 'free'::spot_status, 'normal'::parking_type, FALSE, 'car'::vehicle_type, 1.50, '2026-04-29 08:23:47.90161+00', 3, ''),
  ('B099', 'B'::zone_code, 'free'::spot_status, 'normal'::parking_type, FALSE, 'car'::vehicle_type, 1.50, '2026-04-29 08:25:16.913454+00', 2, ''),
  ('B096', 'B'::zone_code, 'free'::spot_status, 'normal'::parking_type, FALSE, 'car'::vehicle_type, 1.50, '2026-04-29 08:25:27.140256+00', 2, ''),
  ('B087', 'B'::zone_code, 'free'::spot_status, 'normal'::parking_type, FALSE, 'car'::vehicle_type, 1.50, '2026-04-29 08:25:30.586715+00', 2, ''),
  ('B093', 'B'::zone_code, 'free'::spot_status, 'normal'::parking_type, FALSE, 'car'::vehicle_type, 1.50, '2026-04-29 08:25:45.355863+00', 2, ''),
  ('B084', 'B'::zone_code, 'free'::spot_status, 'normal'::parking_type, FALSE, 'car'::vehicle_type, 1.50, '2026-04-29 08:25:48.481323+00', 2, ''),
  ('B081', 'B'::zone_code, 'free'::spot_status, 'normal'::parking_type, FALSE, 'car'::vehicle_type, 1.50, '2026-04-29 08:25:51.708537+00', 2, ''),
  ('B072', 'B'::zone_code, 'free'::spot_status, 'normal'::parking_type, FALSE, 'car'::vehicle_type, 1.50, '2026-04-29 08:25:57.016996+00', 2, ''),
  ('B075', 'B'::zone_code, 'free'::spot_status, 'normal'::parking_type, FALSE, 'car'::vehicle_type, 1.50, '2026-04-29 08:26:02.025403+00', 2, ''),
  ('B063', 'B'::zone_code, 'free'::spot_status, 'normal'::parking_type, FALSE, 'car'::vehicle_type, 1.50, '2026-04-29 08:26:08.885752+00', 2, ''),
  ('B088', 'B'::zone_code, 'free'::spot_status, 'normal'::parking_type, FALSE, 'car'::vehicle_type, 1.50, '2026-04-29 08:26:11.643008+00', 2, ''),
  ('B078', 'B'::zone_code, 'free'::spot_status, 'normal'::parking_type, FALSE, 'car'::vehicle_type, 1.50, '2026-04-29 08:26:19.738468+00', 2, ''),
  ('B066', 'B'::zone_code, 'free'::spot_status, 'normal'::parking_type, FALSE, 'car'::vehicle_type, 1.50, '2026-04-29 08:26:23.565181+00', 2, ''),
  ('B069', 'B'::zone_code, 'free'::spot_status, 'normal'::parking_type, FALSE, 'car'::vehicle_type, 1.50, '2026-04-29 08:26:38.940624+00', 2, ''),
  ('B060', 'B'::zone_code, 'free'::spot_status, 'normal'::parking_type, FALSE, 'car'::vehicle_type, 1.50, '2026-04-29 08:26:41.777631+00', 2, ''),
  ('B057', 'B'::zone_code, 'free'::spot_status, 'normal'::parking_type, FALSE, 'car'::vehicle_type, 1.50, '2026-04-29 08:26:46.040237+00', 2, ''),
  ('B054', 'B'::zone_code, 'free'::spot_status, 'normal'::parking_type, FALSE, 'car'::vehicle_type, 1.50, '2026-04-29 08:26:53.998568+00', 2, ''),
  ('B051', 'B'::zone_code, 'free'::spot_status, 'normal'::parking_type, FALSE, 'car'::vehicle_type, 1.50, '2026-04-29 08:26:56.524126+00', 2, ''),
  ('B045', 'B'::zone_code, 'free'::spot_status, 'normal'::parking_type, FALSE, 'car'::vehicle_type, 1.50, '2026-04-29 08:26:59.491003+00', 2, ''),
  ('B042', 'B'::zone_code, 'free'::spot_status, 'normal'::parking_type, FALSE, 'car'::vehicle_type, 1.50, '2026-04-29 08:27:02.08569+00', 2, ''),
  ('B039', 'B'::zone_code, 'free'::spot_status, 'normal'::parking_type, FALSE, 'car'::vehicle_type, 1.50, '2026-04-29 08:27:07.426142+00', 2, ''),
  ('B036', 'B'::zone_code, 'free'::spot_status, 'normal'::parking_type, FALSE, 'car'::vehicle_type, 1.50, '2026-04-29 08:27:13.339521+00', 2, ''),
  ('C043', 'C'::zone_code, 'free'::spot_status, 'normal'::parking_type, FALSE, 'car'::vehicle_type, 1.50, '2026-04-14 09:02:50+00', 3, ''),
  ('C044', 'C'::zone_code, 'free'::spot_status, 'normal'::parking_type, FALSE, 'car'::vehicle_type, 1.50, '2026-04-14 09:02:50+00', 3, ''),
  ('C046', 'C'::zone_code, 'free'::spot_status, 'normal'::parking_type, FALSE, 'car'::vehicle_type, 1.50, '2026-04-14 09:02:50+00', 3, ''),
  ('C047', 'C'::zone_code, 'free'::spot_status, 'normal'::parking_type, FALSE, 'car'::vehicle_type, 1.50, '2026-04-14 09:02:50+00', 3, ''),
  ('C048', 'C'::zone_code, 'free'::spot_status, 'normal'::parking_type, FALSE, 'car'::vehicle_type, 1.50, '2026-04-14 09:02:50+00', 3, ''),
  ('C049', 'C'::zone_code, 'free'::spot_status, 'normal'::parking_type, FALSE, 'car'::vehicle_type, 1.50, '2026-04-14 09:02:50+00', 3, ''),
  ('C051', 'C'::zone_code, 'free'::spot_status, 'normal'::parking_type, FALSE, 'car'::vehicle_type, 1.50, '2026-04-14 09:02:50+00', 3, ''),
  ('C052', 'C'::zone_code, 'free'::spot_status, 'normal'::parking_type, FALSE, 'car'::vehicle_type, 1.50, '2026-04-14 09:02:50+00', 3, ''),
  ('C053', 'C'::zone_code, 'free'::spot_status, 'normal'::parking_type, FALSE, 'car'::vehicle_type, 1.50, '2026-04-14 09:02:50+00', 3, ''),
  ('C054', 'C'::zone_code, 'free'::spot_status, 'normal'::parking_type, FALSE, 'car'::vehicle_type, 1.50, '2026-04-14 09:02:50+00', 3, ''),
  ('C056', 'C'::zone_code, 'free'::spot_status, 'normal'::parking_type, FALSE, 'car'::vehicle_type, 1.50, '2026-04-14 09:02:50+00', 3, ''),
  ('C058', 'C'::zone_code, 'free'::spot_status, 'normal'::parking_type, FALSE, 'car'::vehicle_type, 1.50, '2026-04-14 09:02:50+00', 3, ''),
  ('C059', 'C'::zone_code, 'free'::spot_status, 'normal'::parking_type, FALSE, 'car'::vehicle_type, 1.50, '2026-04-14 09:02:50+00', 3, ''),
  ('C061', 'C'::zone_code, 'free'::spot_status, 'normal'::parking_type, FALSE, 'car'::vehicle_type, 1.50, '2026-04-14 09:02:50+00', 3, ''),
  ('C062', 'C'::zone_code, 'free'::spot_status, 'normal'::parking_type, FALSE, 'car'::vehicle_type, 1.50, '2026-04-14 09:02:50+00', 3, ''),
  ('C063', 'C'::zone_code, 'free'::spot_status, 'normal'::parking_type, FALSE, 'car'::vehicle_type, 1.50, '2026-04-14 09:02:50+00', 3, ''),
  ('C064', 'C'::zone_code, 'free'::spot_status, 'normal'::parking_type, FALSE, 'car'::vehicle_type, 1.50, '2026-04-14 09:02:50+00', 3, ''),
  ('C066', 'C'::zone_code, 'free'::spot_status, 'normal'::parking_type, FALSE, 'car'::vehicle_type, 1.50, '2026-04-14 09:02:50+00', 3, ''),
  ('C067', 'C'::zone_code, 'free'::spot_status, 'normal'::parking_type, FALSE, 'car'::vehicle_type, 1.50, '2026-04-14 09:02:50+00', 3, ''),
  ('C068', 'C'::zone_code, 'free'::spot_status, 'normal'::parking_type, FALSE, 'car'::vehicle_type, 1.50, '2026-04-14 09:02:50+00', 3, ''),
  ('C069', 'C'::zone_code, 'free'::spot_status, 'normal'::parking_type, FALSE, 'car'::vehicle_type, 1.50, '2026-04-14 09:02:50+00', 3, ''),
  ('C071', 'C'::zone_code, 'free'::spot_status, 'normal'::parking_type, FALSE, 'car'::vehicle_type, 1.50, '2026-04-14 09:02:50+00', 3, ''),
  ('C072', 'C'::zone_code, 'free'::spot_status, 'normal'::parking_type, FALSE, 'car'::vehicle_type, 1.50, '2026-04-14 09:02:50+00', 3, ''),
  ('C073', 'C'::zone_code, 'free'::spot_status, 'normal'::parking_type, FALSE, 'car'::vehicle_type, 1.50, '2026-04-14 09:02:50+00', 3, ''),
  ('C074', 'C'::zone_code, 'free'::spot_status, 'normal'::parking_type, FALSE, 'car'::vehicle_type, 1.50, '2026-04-14 09:02:50+00', 3, ''),
  ('C076', 'C'::zone_code, 'free'::spot_status, 'normal'::parking_type, FALSE, 'car'::vehicle_type, 1.50, '2026-04-14 09:02:50+00', 3, ''),
  ('C077', 'C'::zone_code, 'free'::spot_status, 'normal'::parking_type, FALSE, 'car'::vehicle_type, 1.50, '2026-04-14 09:02:50+00', 3, ''),
  ('C078', 'C'::zone_code, 'free'::spot_status, 'normal'::parking_type, FALSE, 'car'::vehicle_type, 1.50, '2026-04-14 09:02:50+00', 3, ''),
  ('C079', 'C'::zone_code, 'free'::spot_status, 'normal'::parking_type, FALSE, 'car'::vehicle_type, 1.50, '2026-04-14 09:02:50+00', 3, ''),
  ('C081', 'C'::zone_code, 'free'::spot_status, 'normal'::parking_type, FALSE, 'car'::vehicle_type, 1.50, '2026-04-14 09:02:50+00', 3, ''),
  ('C082', 'C'::zone_code, 'free'::spot_status, 'normal'::parking_type, FALSE, 'car'::vehicle_type, 1.50, '2026-04-14 09:02:50+00', 3, ''),
  ('C083', 'C'::zone_code, 'free'::spot_status, 'normal'::parking_type, FALSE, 'car'::vehicle_type, 1.50, '2026-04-14 09:02:50+00', 3, ''),
  ('C084', 'C'::zone_code, 'free'::spot_status, 'normal'::parking_type, FALSE, 'car'::vehicle_type, 1.50, '2026-04-14 09:02:50+00', 3, ''),
  ('D001', 'D'::zone_code, 'free'::spot_status, 'disabled'::parking_type, FALSE, 'car'::vehicle_type, 1.50, '2026-04-29 08:31:31.194661+00', 4, ''),
  ('C086', 'C'::zone_code, 'free'::spot_status, 'normal'::parking_type, FALSE, 'car'::vehicle_type, 1.50, '2026-04-14 09:02:50+00', 3, ''),
  ('C087', 'C'::zone_code, 'free'::spot_status, 'normal'::parking_type, FALSE, 'car'::vehicle_type, 1.50, '2026-04-14 09:02:50+00', 3, ''),
  ('C088', 'C'::zone_code, 'free'::spot_status, 'normal'::parking_type, FALSE, 'car'::vehicle_type, 1.50, '2026-04-14 09:02:50+00', 3, ''),
  ('C089', 'C'::zone_code, 'free'::spot_status, 'normal'::parking_type, FALSE, 'car'::vehicle_type, 1.50, '2026-04-14 09:02:50+00', 3, ''),
  ('D002', 'D'::zone_code, 'free'::spot_status, 'disabled'::parking_type, FALSE, 'car'::vehicle_type, 1.50, '2026-04-29 08:31:36.842531+00', 4, ''),
  ('D003', 'D'::zone_code, 'free'::spot_status, 'disabled'::parking_type, FALSE, 'car'::vehicle_type, 1.50, '2026-04-29 08:31:40.569145+00', 4, ''),
  ('D004', 'D'::zone_code, 'free'::spot_status, 'disabled'::parking_type, FALSE, 'car'::vehicle_type, 1.50, '2026-04-29 08:31:43.968792+00', 4, ''),
  ('D005', 'D'::zone_code, 'free'::spot_status, 'disabled'::parking_type, FALSE, 'car'::vehicle_type, 1.50, '2026-04-29 08:31:49.574945+00', 4, ''),
  ('D006', 'D'::zone_code, 'free'::spot_status, 'electric'::parking_type, FALSE, 'car'::vehicle_type, 1.50, '2026-04-29 08:32:10.58696+00', 4, ''),
  ('D007', 'D'::zone_code, 'free'::spot_status, 'electric'::parking_type, FALSE, 'car'::vehicle_type, 1.50, '2026-04-29 08:32:13.891803+00', 4, ''),
  ('D008', 'D'::zone_code, 'free'::spot_status, 'electric'::parking_type, FALSE, 'car'::vehicle_type, 1.50, '2026-04-29 08:32:17.36972+00', 4, ''),
  ('D009', 'D'::zone_code, 'free'::spot_status, 'electric'::parking_type, FALSE, 'car'::vehicle_type, 1.50, '2026-04-29 08:32:20.736028+00', 4, ''),
  ('D010', 'D'::zone_code, 'free'::spot_status, 'electric'::parking_type, FALSE, 'car'::vehicle_type, 1.50, '2026-04-29 08:32:24.709923+00', 4, ''),
  ('C091', 'C'::zone_code, 'free'::spot_status, 'normal'::parking_type, FALSE, 'car'::vehicle_type, 1.50, '2026-04-29 08:32:39.099089+00', 3, ''),
  ('C093', 'C'::zone_code, 'free'::spot_status, 'normal'::parking_type, FALSE, 'car'::vehicle_type, 1.50, '2026-04-29 08:32:51.637474+00', 3, ''),
  ('C092', 'C'::zone_code, 'free'::spot_status, 'normal'::parking_type, FALSE, 'car'::vehicle_type, 1.50, '2026-04-29 08:32:48.342174+00', 3, ''),
  ('D017', 'D'::zone_code, 'free'::spot_status, 'normal'::parking_type, FALSE, 'car'::vehicle_type, 1.50, '2026-04-14 09:02:50+00', 4, ''),
  ('C094', 'C'::zone_code, 'free'::spot_status, 'normal'::parking_type, FALSE, 'car'::vehicle_type, 1.50, '2026-04-29 08:32:55.159632+00', 3, ''),
  ('D019', 'D'::zone_code, 'free'::spot_status, 'normal'::parking_type, FALSE, 'car'::vehicle_type, 1.50, '2026-04-14 09:02:50+00', 4, ''),
  ('C096', 'C'::zone_code, 'free'::spot_status, 'normal'::parking_type, FALSE, 'car'::vehicle_type, 1.50, '2026-04-29 08:33:04.201312+00', 3, ''),
  ('D021', 'D'::zone_code, 'free'::spot_status, 'normal'::parking_type, FALSE, 'car'::vehicle_type, 1.50, '2026-04-14 09:02:50+00', 4, ''),
  ('D023', 'D'::zone_code, 'free'::spot_status, 'normal'::parking_type, FALSE, 'car'::vehicle_type, 1.50, '2026-04-14 09:02:50+00', 4, ''),
  ('C097', 'C'::zone_code, 'free'::spot_status, 'normal'::parking_type, FALSE, 'car'::vehicle_type, 1.50, '2026-04-29 08:33:07.313506+00', 3, ''),
  ('D025', 'D'::zone_code, 'free'::spot_status, 'normal'::parking_type, FALSE, 'car'::vehicle_type, 1.50, '2026-04-14 09:02:50+00', 4, ''),
  ('C098', 'C'::zone_code, 'free'::spot_status, 'normal'::parking_type, FALSE, 'car'::vehicle_type, 1.50, '2026-04-29 08:33:12.525421+00', 3, ''),
  ('C099', 'C'::zone_code, 'free'::spot_status, 'normal'::parking_type, FALSE, 'car'::vehicle_type, 1.50, '2026-04-29 08:33:16.374577+00', 3, ''),
  ('C100', 'C'::zone_code, 'free'::spot_status, 'normal'::parking_type, FALSE, 'car'::vehicle_type, 1.50, '2026-04-29 08:33:19.326947+00', 3, ''),
  ('D029', 'D'::zone_code, 'free'::spot_status, 'normal'::parking_type, FALSE, 'car'::vehicle_type, 1.50, '2026-04-14 09:02:50+00', 4, ''),
  ('D031', 'D'::zone_code, 'free'::spot_status, 'normal'::parking_type, FALSE, 'car'::vehicle_type, 1.50, '2026-04-14 09:02:50+00', 4, ''),
  ('D033', 'D'::zone_code, 'free'::spot_status, 'normal'::parking_type, FALSE, 'car'::vehicle_type, 1.50, '2026-04-14 09:02:50+00', 4, ''),
  ('D037', 'D'::zone_code, 'free'::spot_status, 'normal'::parking_type, FALSE, 'car'::vehicle_type, 1.50, '2026-04-14 09:02:50+00', 4, ''),
  ('D011', 'D'::zone_code, 'free'::spot_status, 'motorcycle'::parking_type, FALSE, 'motorcycle'::vehicle_type, 1.50, '2026-04-29 08:37:23.084629+00', 4, ''),
  ('D039', 'D'::zone_code, 'free'::spot_status, 'normal'::parking_type, FALSE, 'car'::vehicle_type, 1.50, '2026-04-14 09:02:50+00', 4, ''),
  ('D012', 'D'::zone_code, 'free'::spot_status, 'motorcycle'::parking_type, FALSE, 'motorcycle'::vehicle_type, 1.50, '2026-04-29 08:37:26.382774+00', 4, ''),
  ('D041', 'D'::zone_code, 'free'::spot_status, 'normal'::parking_type, FALSE, 'car'::vehicle_type, 1.50, '2026-04-14 09:02:50+00', 4, ''),
  ('D013', 'D'::zone_code, 'free'::spot_status, 'motorcycle'::parking_type, FALSE, 'motorcycle'::vehicle_type, 1.50, '2026-04-29 08:37:29.491916+00', 4, ''),
  ('D043', 'D'::zone_code, 'free'::spot_status, 'normal'::parking_type, FALSE, 'car'::vehicle_type, 1.50, '2026-04-14 09:02:50+00', 4, ''),
  ('D014', 'D'::zone_code, 'free'::spot_status, 'motorcycle'::parking_type, FALSE, 'motorcycle'::vehicle_type, 1.50, '2026-04-29 08:37:32.330942+00', 4, ''),
  ('D015', 'D'::zone_code, 'free'::spot_status, 'motorcycle'::parking_type, FALSE, 'motorcycle'::vehicle_type, 1.50, '2026-04-29 08:37:38.572965+00', 4, ''),
  ('D047', 'D'::zone_code, 'free'::spot_status, 'normal'::parking_type, FALSE, 'car'::vehicle_type, 1.50, '2026-04-14 09:02:50+00', 4, ''),
  ('D049', 'D'::zone_code, 'free'::spot_status, 'normal'::parking_type, FALSE, 'car'::vehicle_type, 1.50, '2026-04-14 09:02:50+00', 4, ''),
  ('C085', 'C'::zone_code, 'free'::spot_status, 'normal'::parking_type, FALSE, 'car'::vehicle_type, 1.50, '2026-04-29 08:21:50.096121+00', 3, ''),
  ('C075', 'C'::zone_code, 'free'::spot_status, 'normal'::parking_type, FALSE, 'car'::vehicle_type, 1.50, '2026-04-29 08:21:53.303912+00', 3, ''),
  ('C065', 'C'::zone_code, 'free'::spot_status, 'normal'::parking_type, FALSE, 'car'::vehicle_type, 1.50, '2026-04-29 08:21:57.34314+00', 3, ''),
  ('C055', 'C'::zone_code, 'free'::spot_status, 'normal'::parking_type, FALSE, 'car'::vehicle_type, 1.50, '2026-04-29 08:22:31.916696+00', 3, ''),
  ('C045', 'C'::zone_code, 'free'::spot_status, 'normal'::parking_type, FALSE, 'car'::vehicle_type, 1.50, '2026-04-29 08:22:35.57979+00', 3, ''),
  ('C057', 'C'::zone_code, 'free'::spot_status, 'normal'::parking_type, FALSE, 'car'::vehicle_type, 1.50, '2026-04-29 08:23:12.603541+00', 3, ''),
  ('C090', 'C'::zone_code, 'free'::spot_status, 'normal'::parking_type, FALSE, 'car'::vehicle_type, 1.50, '2026-04-29 08:23:24.840484+00', 3, ''),
  ('C070', 'C'::zone_code, 'free'::spot_status, 'normal'::parking_type, FALSE, 'car'::vehicle_type, 1.50, '2026-04-29 08:23:30.390347+00', 3, ''),
  ('C060', 'C'::zone_code, 'free'::spot_status, 'normal'::parking_type, FALSE, 'car'::vehicle_type, 1.50, '2026-04-29 08:23:33.980853+00', 3, ''),
  ('C050', 'C'::zone_code, 'free'::spot_status, 'normal'::parking_type, FALSE, 'car'::vehicle_type, 1.50, '2026-04-29 08:23:37.471374+00', 3, ''),
  ('D018', 'D'::zone_code, 'free'::spot_status, 'normal'::parking_type, FALSE, 'car'::vehicle_type, 1.50, '2026-04-29 08:23:45.087222+00', 4, ''),
  ('D016', 'D'::zone_code, 'free'::spot_status, 'normal'::parking_type, FALSE, 'car'::vehicle_type, 1.50, '2026-04-29 08:23:47.500685+00', 4, ''),
  ('D020', 'D'::zone_code, 'free'::spot_status, 'normal'::parking_type, FALSE, 'car'::vehicle_type, 1.50, '2026-04-29 08:24:05.839654+00', 4, ''),
  ('D032', 'D'::zone_code, 'free'::spot_status, 'normal'::parking_type, FALSE, 'car'::vehicle_type, 1.50, '2026-04-29 08:24:14.425726+00', 4, ''),
  ('D024', 'D'::zone_code, 'free'::spot_status, 'normal'::parking_type, FALSE, 'car'::vehicle_type, 1.50, '2026-04-29 08:24:17.102996+00', 4, ''),
  ('D034', 'D'::zone_code, 'free'::spot_status, 'normal'::parking_type, FALSE, 'car'::vehicle_type, 1.50, '2026-04-29 08:24:19.668547+00', 4, ''),
  ('D035', 'D'::zone_code, 'free'::spot_status, 'normal'::parking_type, FALSE, 'car'::vehicle_type, 1.50, '2026-04-29 08:24:23.221774+00', 4, ''),
  ('D026', 'D'::zone_code, 'free'::spot_status, 'normal'::parking_type, FALSE, 'car'::vehicle_type, 1.50, '2026-04-29 08:24:28.089379+00', 4, ''),
  ('D027', 'D'::zone_code, 'free'::spot_status, 'normal'::parking_type, FALSE, 'car'::vehicle_type, 1.50, '2026-04-29 08:24:34.369991+00', 4, ''),
  ('D028', 'D'::zone_code, 'free'::spot_status, 'normal'::parking_type, FALSE, 'car'::vehicle_type, 1.50, '2026-04-29 08:24:37.986558+00', 4, ''),
  ('D038', 'D'::zone_code, 'free'::spot_status, 'normal'::parking_type, FALSE, 'car'::vehicle_type, 1.50, '2026-04-29 08:24:42.424454+00', 4, ''),
  ('D030', 'D'::zone_code, 'free'::spot_status, 'normal'::parking_type, FALSE, 'car'::vehicle_type, 1.50, '2026-04-29 08:24:45.189191+00', 4, ''),
  ('D040', 'D'::zone_code, 'free'::spot_status, 'normal'::parking_type, FALSE, 'car'::vehicle_type, 1.50, '2026-04-29 08:24:47.928652+00', 4, ''),
  ('D042', 'D'::zone_code, 'free'::spot_status, 'normal'::parking_type, FALSE, 'car'::vehicle_type, 1.50, '2026-04-29 08:24:52.953351+00', 4, ''),
  ('D044', 'D'::zone_code, 'free'::spot_status, 'normal'::parking_type, FALSE, 'car'::vehicle_type, 1.50, '2026-04-29 08:25:19.395659+00', 4, ''),
  ('D045', 'D'::zone_code, 'free'::spot_status, 'normal'::parking_type, FALSE, 'car'::vehicle_type, 1.50, '2026-04-29 08:25:25.904268+00', 4, ''),
  ('D046', 'D'::zone_code, 'free'::spot_status, 'normal'::parking_type, FALSE, 'car'::vehicle_type, 1.50, '2026-04-29 08:25:44.965723+00', 4, ''),
  ('D048', 'D'::zone_code, 'free'::spot_status, 'normal'::parking_type, FALSE, 'car'::vehicle_type, 1.50, '2026-04-29 08:26:04.316589+00', 4, ''),
  ('D050', 'D'::zone_code, 'free'::spot_status, 'normal'::parking_type, FALSE, 'car'::vehicle_type, 1.50, '2026-04-29 08:26:07.430208+00', 4, ''),
  ('D051', 'D'::zone_code, 'free'::spot_status, 'normal'::parking_type, FALSE, 'car'::vehicle_type, 1.50, '2026-04-14 09:02:50+00', 4, ''),
  ('D053', 'D'::zone_code, 'free'::spot_status, 'normal'::parking_type, FALSE, 'car'::vehicle_type, 1.50, '2026-04-14 09:02:50+00', 4, ''),
  ('D055', 'D'::zone_code, 'free'::spot_status, 'normal'::parking_type, FALSE, 'car'::vehicle_type, 1.50, '2026-04-14 09:02:50+00', 4, ''),
  ('D057', 'D'::zone_code, 'free'::spot_status, 'normal'::parking_type, FALSE, 'car'::vehicle_type, 1.50, '2026-04-14 09:02:50+00', 4, ''),
  ('D059', 'D'::zone_code, 'free'::spot_status, 'normal'::parking_type, FALSE, 'car'::vehicle_type, 1.50, '2026-04-14 09:02:50+00', 4, ''),
  ('D061', 'D'::zone_code, 'free'::spot_status, 'normal'::parking_type, FALSE, 'car'::vehicle_type, 1.50, '2026-04-14 09:02:50+00', 4, ''),
  ('D065', 'D'::zone_code, 'free'::spot_status, 'normal'::parking_type, FALSE, 'car'::vehicle_type, 1.50, '2026-04-14 09:02:50+00', 4, ''),
  ('D067', 'D'::zone_code, 'free'::spot_status, 'normal'::parking_type, FALSE, 'car'::vehicle_type, 1.50, '2026-04-14 09:02:50+00', 4, ''),
  ('D069', 'D'::zone_code, 'free'::spot_status, 'normal'::parking_type, FALSE, 'car'::vehicle_type, 1.50, '2026-04-14 09:02:50+00', 4, ''),
  ('D071', 'D'::zone_code, 'free'::spot_status, 'normal'::parking_type, FALSE, 'car'::vehicle_type, 1.50, '2026-04-14 09:02:50+00', 4, ''),
  ('D073', 'D'::zone_code, 'free'::spot_status, 'normal'::parking_type, FALSE, 'car'::vehicle_type, 1.50, '2026-04-14 09:02:50+00', 4, ''),
  ('D075', 'D'::zone_code, 'free'::spot_status, 'normal'::parking_type, FALSE, 'car'::vehicle_type, 1.50, '2026-04-14 09:02:50+00', 4, ''),
  ('D077', 'D'::zone_code, 'free'::spot_status, 'normal'::parking_type, FALSE, 'car'::vehicle_type, 1.50, '2026-04-14 09:02:50+00', 4, ''),
  ('D083', 'D'::zone_code, 'free'::spot_status, 'van'::parking_type, FALSE, 'van'::vehicle_type, 1.50, '2026-04-14 09:02:50+00', 4, ''),
  ('D085', 'D'::zone_code, 'free'::spot_status, 'van'::parking_type, FALSE, 'van'::vehicle_type, 1.50, '2026-04-14 09:02:50+00', 4, ''),
  ('D087', 'D'::zone_code, 'free'::spot_status, 'van'::parking_type, FALSE, 'van'::vehicle_type, 1.50, '2026-04-14 09:02:50+00', 4, ''),
  ('D089', 'D'::zone_code, 'free'::spot_status, 'van'::parking_type, FALSE, 'van'::vehicle_type, 1.50, '2026-04-14 09:02:50+00', 4, ''),
  ('D091', 'D'::zone_code, 'free'::spot_status, 'van'::parking_type, FALSE, 'van'::vehicle_type, 1.50, '2026-04-14 09:02:50+00', 4, ''),
  ('D093', 'D'::zone_code, 'free'::spot_status, 'van'::parking_type, FALSE, 'van'::vehicle_type, 1.50, '2026-04-14 09:02:50+00', 4, ''),
  ('D095', 'D'::zone_code, 'free'::spot_status, 'van'::parking_type, FALSE, 'van'::vehicle_type, 1.50, '2026-04-14 09:02:50+00', 4, ''),
  ('D097', 'D'::zone_code, 'free'::spot_status, 'van'::parking_type, FALSE, 'van'::vehicle_type, 1.50, '2026-04-14 09:02:50+00', 4, ''),
  ('D052', 'D'::zone_code, 'free'::spot_status, 'normal'::parking_type, FALSE, 'car'::vehicle_type, 1.50, '2026-04-29 08:24:56.387498+00', 4, ''),
  ('D062', 'D'::zone_code, 'free'::spot_status, 'normal'::parking_type, FALSE, 'car'::vehicle_type, 1.50, '2026-04-29 08:24:59.516299+00', 4, ''),
  ('D072', 'D'::zone_code, 'free'::spot_status, 'normal'::parking_type, FALSE, 'car'::vehicle_type, 1.50, '2026-04-29 08:25:02.398435+00', 4, ''),
  ('A001', 'A'::zone_code, 'free'::spot_status, 'disabled'::parking_type, FALSE, 'car'::vehicle_type, 1.50, '2026-04-29 08:25:02.477127+00', 1, ''),
  ('D081', 'D'::zone_code, 'free'::spot_status, 'van'::parking_type, FALSE, 'van'::vehicle_type, 1.50, '2026-04-29 08:25:05.258964+00', 4, ''),
  ('D082', 'D'::zone_code, 'free'::spot_status, 'van'::parking_type, FALSE, 'van'::vehicle_type, 1.50, '2026-04-29 08:25:08.002358+00', 4, ''),
  ('D092', 'D'::zone_code, 'free'::spot_status, 'van'::parking_type, FALSE, 'van'::vehicle_type, 1.50, '2026-04-29 08:25:10.552677+00', 4, ''),
  ('D063', 'D'::zone_code, 'free'::spot_status, 'normal'::parking_type, FALSE, 'car'::vehicle_type, 1.50, '2026-04-29 08:25:13.264885+00', 4, ''),
  ('D064', 'D'::zone_code, 'free'::spot_status, 'normal'::parking_type, FALSE, 'car'::vehicle_type, 1.50, '2026-04-29 08:25:16.210962+00', 4, ''),
  ('D054', 'D'::zone_code, 'free'::spot_status, 'normal'::parking_type, FALSE, 'car'::vehicle_type, 1.50, '2026-04-29 08:25:22.183443+00', 4, ''),
  ('B090', 'B'::zone_code, 'free'::spot_status, 'normal'::parking_type, FALSE, 'car'::vehicle_type, 1.50, '2026-04-29 08:25:22.91211+00', 2, ''),
  ('D074', 'D'::zone_code, 'free'::spot_status, 'normal'::parking_type, FALSE, 'car'::vehicle_type, 1.50, '2026-04-29 08:25:28.936411+00', 4, ''),
  ('D084', 'D'::zone_code, 'free'::spot_status, 'van'::parking_type, FALSE, 'van'::vehicle_type, 1.50, '2026-04-29 08:25:31.33306+00', 4, ''),
  ('D094', 'D'::zone_code, 'free'::spot_status, 'van'::parking_type, FALSE, 'van'::vehicle_type, 1.50, '2026-04-29 08:25:34.006349+00', 4, ''),
  ('D056', 'D'::zone_code, 'free'::spot_status, 'normal'::parking_type, FALSE, 'car'::vehicle_type, 1.50, '2026-04-29 08:25:48.715401+00', 4, ''),
  ('D066', 'D'::zone_code, 'free'::spot_status, 'normal'::parking_type, FALSE, 'car'::vehicle_type, 1.50, '2026-04-29 08:25:51.444987+00', 4, ''),
  ('D076', 'D'::zone_code, 'free'::spot_status, 'normal'::parking_type, FALSE, 'car'::vehicle_type, 1.50, '2026-04-29 08:25:54.281637+00', 4, ''),
  ('D086', 'D'::zone_code, 'free'::spot_status, 'van'::parking_type, FALSE, 'van'::vehicle_type, 1.50, '2026-04-29 08:25:56.770829+00', 4, ''),
  ('D096', 'D'::zone_code, 'free'::spot_status, 'van'::parking_type, FALSE, 'van'::vehicle_type, 1.50, '2026-04-29 08:26:00.137732+00', 4, ''),
  ('D058', 'D'::zone_code, 'free'::spot_status, 'normal'::parking_type, FALSE, 'car'::vehicle_type, 1.50, '2026-04-29 08:26:10.179364+00', 4, ''),
  ('D060', 'D'::zone_code, 'free'::spot_status, 'normal'::parking_type, FALSE, 'car'::vehicle_type, 1.50, '2026-04-29 08:26:12.774638+00', 4, ''),
  ('D068', 'D'::zone_code, 'free'::spot_status, 'normal'::parking_type, FALSE, 'car'::vehicle_type, 1.50, '2026-04-29 08:26:16.24786+00', 4, ''),
  ('D078', 'D'::zone_code, 'free'::spot_status, 'normal'::parking_type, FALSE, 'car'::vehicle_type, 1.50, '2026-04-29 08:26:19.047995+00', 4, ''),
  ('D079', 'D'::zone_code, 'free'::spot_status, 'normal'::parking_type, FALSE, 'car'::vehicle_type, 1.50, '2026-04-29 08:26:22.270068+00', 4, ''),
  ('D070', 'D'::zone_code, 'free'::spot_status, 'normal'::parking_type, FALSE, 'car'::vehicle_type, 1.50, '2026-04-29 08:26:24.929249+00', 4, ''),
  ('D080', 'D'::zone_code, 'free'::spot_status, 'normal'::parking_type, FALSE, 'car'::vehicle_type, 1.50, '2026-04-29 08:26:28.291401+00', 4, ''),
  ('D088', 'D'::zone_code, 'free'::spot_status, 'van'::parking_type, FALSE, 'van'::vehicle_type, 1.50, '2026-04-29 08:26:31.122726+00', 4, ''),
  ('D098', 'D'::zone_code, 'free'::spot_status, 'van'::parking_type, FALSE, 'van'::vehicle_type, 1.50, '2026-04-29 08:26:34.151958+00', 4, ''),
  ('D099', 'D'::zone_code, 'free'::spot_status, 'van'::parking_type, FALSE, 'van'::vehicle_type, 1.50, '2026-04-29 08:26:37.625088+00', 4, ''),
  ('D090', 'D'::zone_code, 'free'::spot_status, 'van'::parking_type, FALSE, 'van'::vehicle_type, 1.50, '2026-04-29 08:26:40.703834+00', 4, ''),
  ('D100', 'D'::zone_code, 'free'::spot_status, 'van'::parking_type, FALSE, 'van'::vehicle_type, 1.50, '2026-04-29 08:26:43.63322+00', 4, '');

-- ─── UTENTI (5 record) ────────────────────────────────────────
INSERT INTO users (id, name, email, password_hash, phone, plate, role, loyalty_points, created_at)
VALUES
  (1, 'Amministratore', 'admin@parcheggi-uda.it', '74a437c9cc0298672562cff2236b2c696cee509d25f9bde61ee6218237b54291', NULL, NULL, 'admin', 0, '2026-04-24 09:00:20.099883'),
  (4, 'souhel', '123@gmail.com', 'e7d92a2f0ee1b34575751640a825b3f78917e9a98d5698040d153101bbb43282', '1234567', 'ad234dd', 'user', 0, '2026-04-29 07:46:36.474522'),
  (5, 'filo', 'parmij@gmail.com', 'a6f0b56307cae2f7e4848b14b004154b2698f75261a9c82016cd3151a0462d63', NULL, 'aa123rr', 'user', 0, '2026-04-29 07:48:08.690373'),
  (6, 'Cristian Loda', 'cristianloda2007@gmail.com', 'f118a18af3090ed665ae34bb900df823993550e25d7b0289d4867805754efc14', '333456987', 'AX123QW', 'user', 0, '2026-04-29 07:57:19.293578'),
  (7, 'bho', 'bho@parcheggi.it', '2ddd0e2d0f805cc1454c2bf12148df7a3bf6c7c8a2429f3db8ce52db09f4b70d', '123465', 'sad12', 'user', 0, '2026-04-29 08:28:20.462119');

-- Aggiorna la sequenza users_id_seq al massimo id inserito
SELECT setval('users_id_seq', 7, true);

-- ─── PRENOTAZIONI (13 record) ──────────────────────────────────
INSERT INTO bookings
  (id, booking_code, user_id, spot_id, start_time, end_time, duration_hours, total_cost, status, free_hour_used, created_at)
VALUES
  (2, 'PRK-881EAB37', 4, 'A001', '2026-04-29 07:46:00', '2026-04-29 09:46:00', 2.0, 3.00, 'cancelled', FALSE, '2026-04-29 07:46:42.876091'),
  (10, 'PRK-8C0A3DD8', 4, 'A013', '2026-04-29 08:14:00', '2026-04-29 10:14:00', 2.0, 3.00, 'cancelled', FALSE, '2026-04-29 08:14:38.55803'),
  (12, 'PRK-1601AB17', 5, 'A017', '2026-04-29 08:16:00', '2026-05-03 10:15:00', 98.0, 146.97, 'cancelled', FALSE, '2026-04-29 08:16:46.042585'),
  (13, 'PRK-EAF19481', 5, 'A010', '2026-04-29 10:00:00', '2026-04-29 11:00:00', 1.0, 1.50, 'cancelled', FALSE, '2026-04-29 08:17:24.130377'),
  (14, 'PRK-EAF4D4C5', 4, 'A017', '2026-04-29 10:17:00', '2026-05-08 10:17:00', 216.0, 324.00, 'cancelled', FALSE, '2026-04-29 08:17:59.372443'),
  (11, 'PRK-170E3B1C', 4, 'A013', '2026-04-29 10:15:00', '2026-04-29 12:15:00', 2.0, 3.00, 'cancelled', FALSE, '2026-04-29 08:15:20.852796'),
  (9, 'PRK-A8CBE937', 4, 'A011', '2026-04-29 10:04:00', '2026-04-29 12:04:00', 2.0, 2.70, 'cancelled', FALSE, '2026-04-29 08:04:36.076538'),
  (8, 'PRK-FCED51CC', 4, 'A003', '2026-04-30 08:03:00', '2026-05-07 13:03:00', 173.0, 259.50, 'cancelled', FALSE, '2026-04-29 08:03:48.757268'),
  (7, 'PRK-B22B7567', 4, 'A002', '2026-04-29 14:02:00', '2026-04-29 16:02:00', 2.0, 3.00, 'cancelled', FALSE, '2026-04-29 08:03:12.152457'),
  (6, 'PRK-B89FF84A', 6, 'C091', '2026-04-29 07:57:00', '2026-04-29 09:57:00', 2.0, 3.00, 'cancelled', FALSE, '2026-04-29 07:57:40.08032'),
  (5, 'PRK-F91B1324', 5, 'A002', '2026-04-29 07:48:00', '2026-04-29 13:52:00', 6.1, 9.10, 'cancelled', FALSE, '2026-04-29 07:48:18.676724'),
  (4, 'PRK-5D971EA1', 4, 'A001', '2026-04-29 09:47:00', '2026-04-29 10:47:00', 1.0, 1.35, 'cancelled', FALSE, '2026-04-29 07:48:10.784848'),
  (15, 'PRK-3DA8A018', 4, 'A010', '2026-04-29 10:39:00', '2026-04-29 13:39:00', 3.0, 4.05, 'cancelled', FALSE, '2026-04-29 08:39:45.08257');

SELECT setval('bookings_id_seq', 15, true);

-- ─── VERIFICA ───────────────────────────────────────────────────────────────
SELECT 'parking_spots' AS tabella, COUNT(*) AS righe FROM parking_spots
UNION ALL SELECT 'users',    COUNT(*) FROM users
UNION ALL SELECT 'bookings', COUNT(*) FROM bookings;